user_id,genre,loyalty_score
user_75,Jazz,0.8671497584541062
user_39,Hip-Hop,0.8280542986425339
user_28,Classical,0.7386692381870781
user_68,Classical,0.7274844720496895
user_30,Classical,0.6917385943279901
user_96,Classical,0.6734463276836158
user_74,Rock,0.5856763925729443
user_45,Jazz,0.5855670103092784
user_4,Classical,0.5808955223880597
user_88,Hip-Hop,0.579746835443038
